"Prepaid Codes", "Date Created",  "Time Duration", "Total Bandwidth", "Validity", "Prepaid Amount(USD)"
"1000174960", "10 Jul 2016 00:04:43", "", "", "1 Day", "0.00"
"1000417465", "10 Jul 2016 00:04:43", "", "", "1 Day", "0.00"
"1000859655", "10 Jul 2016 00:04:43", "", "", "1 Day", "0.00"
"1001107841", "10 Jul 2016 00:04:43", "", "", "1 Day", "0.00"
"1001107910", "10 Jul 2016 00:04:43", "", "", "1 Day", "0.00"
"1001785940", "10 Jul 2016 00:04:43", "", "", "1 Day", "0.00"
"1002055809", "10 Jul 2016 00:04:43", "", "", "1 Day", "0.00"
"1002509440", "10 Jul 2016 00:04:43", "", "", "1 Day", "0.00"
"1003007232", "10 Jul 2016 00:04:43", "", "", "1 Day", "0.00"
"1003107495", "10 Jul 2016 00:04:43", "", "", "1 Day", "0.00"
"1003895417", "10 Jul 2016 00:04:43", "", "", "1 Day", "0.00"
"1004328549", "10 Jul 2016 00:04:43", "", "", "1 Day", "0.00"
"1004432406", "10 Jul 2016 00:04:43", "", "", "1 Day", "0.00"
"1004520710", "10 Jul 2016 00:04:43", "", "", "1 Day", "0.00"
"1004951004", "10 Jul 2016 00:04:43", "", "", "1 Day", "0.00"
"1005079756", "10 Jul 2016 00:04:43", "", "", "1 Day", "0.00"
"1005168860", "10 Jul 2016 00:04:43", "", "", "1 Day", "0.00"
"1005434999", "10 Jul 2016 00:04:43", "", "", "1 Day", "0.00"
"1005791626", "10 Jul 2016 00:04:43", "", "", "1 Day", "0.00"
"1005813374", "10 Jul 2016 00:04:43", "", "", "1 Day", "0.00"
"1006084725", "10 Jul 2016 00:04:43", "", "", "1 Day", "0.00"
"1006592783", "10 Jul 2016 00:04:43", "", "", "1 Day", "0.00"
"1006610902", "10 Jul 2016 00:04:43", "", "", "1 Day", "0.00"
"1008275159", "10 Jul 2016 00:04:43", "", "", "1 Day", "0.00"
"1008406322", "10 Jul 2016 00:04:43", "", "", "1 Day", "0.00"
"1008468244", "10 Jul 2016 00:04:43", "", "", "1 Day", "0.00"
"1009572715", "10 Jul 2016 00:04:43", "", "", "1 Day", "0.00"
"1010109736", "10 Jul 2016 00:04:43", "", "", "1 Day", "0.00"
"1010424967", "10 Jul 2016 00:04:43", "", "", "1 Day", "0.00"
"1010654805", "10 Jul 2016 00:04:43", "", "", "1 Day", "0.00"
"1010760270", "10 Jul 2016 00:04:43", "", "", "1 Day", "0.00"
"1010895486", "10 Jul 2016 00:04:43", "", "", "1 Day", "0.00"
"1011418016", "10 Jul 2016 00:04:43", "", "", "1 Day", "0.00"
"1011995955", "10 Jul 2016 00:04:43", "", "", "1 Day", "0.00"
"1013075127", "10 Jul 2016 00:04:43", "", "", "1 Day", "0.00"
"1014056232", "10 Jul 2016 00:04:43", "", "", "1 Day", "0.00"
"1014228004", "10 Jul 2016 00:04:43", "", "", "1 Day", "0.00"
"1014466980", "10 Jul 2016 00:04:43", "", "", "1 Day", "0.00"
"1014794749", "10 Jul 2016 00:04:43", "", "", "1 Day", "0.00"
"1015625592", "10 Jul 2016 00:04:43", "", "", "1 Day", "0.00"
"1017719019", "10 Jul 2016 00:04:43", "", "", "1 Day", "0.00"
"1017881284", "10 Jul 2016 00:04:43", "", "", "1 Day", "0.00"
"1018484206", "10 Jul 2016 00:04:43", "", "", "1 Day", "0.00"
"1018593012", "10 Jul 2016 00:04:43", "", "", "1 Day", "0.00"
"1019345557", "10 Jul 2016 00:04:43", "", "", "1 Day", "0.00"
"1019469212", "10 Jul 2016 00:04:43", "", "", "1 Day", "0.00"
"1019734013", "10 Jul 2016 00:04:43", "", "", "1 Day", "0.00"
"1019827205", "10 Jul 2016 00:04:43", "", "", "1 Day", "0.00"
"1019851758", "10 Jul 2016 00:04:43", "", "", "1 Day", "0.00"
"1019898738", "10 Jul 2016 00:04:43", "", "", "1 Day", "0.00"
"1020056671", "10 Jul 2016 00:04:43", "", "", "1 Day", "0.00"
"1020303879", "10 Jul 2016 00:04:43", "", "", "1 Day", "0.00"
"1020415515", "10 Jul 2016 00:04:43", "", "", "1 Day", "0.00"
"1021122622", "10 Jul 2016 00:04:43", "", "", "1 Day", "0.00"
"1021248969", "10 Jul 2016 00:04:43", "", "", "1 Day", "0.00"
"1021345437", "10 Jul 2016 00:04:43", "", "", "1 Day", "0.00"
"1021717415", "10 Jul 2016 00:04:43", "", "", "1 Day", "0.00"
"1022088106", "10 Jul 2016 00:04:43", "", "", "1 Day", "0.00"
"1022143402", "10 Jul 2016 00:04:43", "", "", "1 Day", "0.00"
"1023040300", "10 Jul 2016 00:04:43", "", "", "1 Day", "0.00"
"1025063106", "10 Jul 2016 00:04:43", "", "", "1 Day", "0.00"
"1025314446", "10 Jul 2016 00:04:43", "", "", "1 Day", "0.00"
"1025478107", "10 Jul 2016 00:04:43", "", "", "1 Day", "0.00"
"1026122135", "10 Jul 2016 00:04:43", "", "", "1 Day", "0.00"
"1027900323", "10 Jul 2016 00:04:43", "", "", "1 Day", "0.00"
"1028161874", "10 Jul 2016 00:04:43", "", "", "1 Day", "0.00"
"1029731091", "10 Jul 2016 00:04:43", "", "", "1 Day", "0.00"
"1031265834", "10 Jul 2016 00:04:43", "", "", "1 Day", "0.00"
"1031489429", "10 Jul 2016 00:04:43", "", "", "1 Day", "0.00"
"1031627736", "10 Jul 2016 00:04:43", "", "", "1 Day", "0.00"
"1031768814", "10 Jul 2016 00:04:43", "", "", "1 Day", "0.00"
"1032593203", "10 Jul 2016 00:04:43", "", "", "1 Day", "0.00"
"1032844196", "10 Jul 2016 00:04:43", "", "", "1 Day", "0.00"
"1032854521", "10 Jul 2016 00:04:43", "", "", "1 Day", "0.00"
"1032980981", "10 Jul 2016 00:04:43", "", "", "1 Day", "0.00"
"1034666545", "10 Jul 2016 00:04:43", "", "", "1 Day", "0.00"
"1035364937", "10 Jul 2016 00:04:43", "", "", "1 Day", "0.00"
"1035648869", "10 Jul 2016 00:04:43", "", "", "1 Day", "0.00"
"1035863265", "10 Jul 2016 00:04:43", "", "", "1 Day", "0.00"
"1036625153", "10 Jul 2016 00:04:43", "", "", "1 Day", "0.00"
"1036684565", "10 Jul 2016 00:04:43", "", "", "1 Day", "0.00"
"1036977206", "10 Jul 2016 00:04:43", "", "", "1 Day", "0.00"
"1038002739", "10 Jul 2016 00:04:43", "", "", "1 Day", "0.00"
"1038106899", "10 Jul 2016 00:04:43", "", "", "1 Day", "0.00"
"1038154333", "10 Jul 2016 00:04:43", "", "", "1 Day", "0.00"
"1038164698", "10 Jul 2016 00:04:43", "", "", "1 Day", "0.00"
"1038485425", "10 Jul 2016 00:04:43", "", "", "1 Day", "0.00"
"1038703705", "10 Jul 2016 00:04:43", "", "", "1 Day", "0.00"
"1038730082", "10 Jul 2016 00:04:43", "", "", "1 Day", "0.00"
"1038868425", "10 Jul 2016 00:04:43", "", "", "1 Day", "0.00"
"1038912090", "10 Jul 2016 00:04:43", "", "", "1 Day", "0.00"
"1039754452", "10 Jul 2016 00:04:43", "", "", "1 Day", "0.00"
"1039793552", "10 Jul 2016 00:04:43", "", "", "1 Day", "0.00"
"1040249435", "10 Jul 2016 00:04:43", "", "", "1 Day", "0.00"
"1042029863", "10 Jul 2016 00:04:43", "", "", "1 Day", "0.00"
"1042091249", "10 Jul 2016 00:04:43", "", "", "1 Day", "0.00"
"1042141530", "10 Jul 2016 00:04:43", "", "", "1 Day", "0.00"
"1043157073", "10 Jul 2016 00:04:43", "", "", "1 Day", "0.00"
"1043318825", "10 Jul 2016 00:04:43", "", "", "1 Day", "0.00"
"1044188796", "10 Jul 2016 00:04:43", "", "", "1 Day", "0.00"
"1045397926", "10 Jul 2016 00:04:43", "", "", "1 Day", "0.00"
"1045926055", "10 Jul 2016 00:04:43", "", "", "1 Day", "0.00"
"1046017313", "10 Jul 2016 00:04:43", "", "", "1 Day", "0.00"
"1046647049", "10 Jul 2016 00:04:43", "", "", "1 Day", "0.00"
"1047257146", "10 Jul 2016 00:04:43", "", "", "1 Day", "0.00"
"1047356030", "10 Jul 2016 00:04:43", "", "", "1 Day", "0.00"
"1047697340", "10 Jul 2016 00:04:43", "", "", "1 Day", "0.00"
"1048433139", "10 Jul 2016 00:04:43", "", "", "1 Day", "0.00"
"1048475825", "10 Jul 2016 00:04:43", "", "", "1 Day", "0.00"
"1049472930", "10 Jul 2016 00:04:43", "", "", "1 Day", "0.00"
"1050102283", "10 Jul 2016 00:04:43", "", "", "1 Day", "0.00"
"1050194022", "10 Jul 2016 00:04:43", "", "", "1 Day", "0.00"
"1050504893", "10 Jul 2016 00:04:43", "", "", "1 Day", "0.00"
"1050988486", "10 Jul 2016 00:04:43", "", "", "1 Day", "0.00"
"1053016846", "10 Jul 2016 00:04:43", "", "", "1 Day", "0.00"
"1053256670", "10 Jul 2016 00:04:43", "", "", "1 Day", "0.00"
"1053765128", "10 Jul 2016 00:04:43", "", "", "1 Day", "0.00"
"1053899724", "10 Jul 2016 00:04:43", "", "", "1 Day", "0.00"
"1054045027", "10 Jul 2016 00:04:43", "", "", "1 Day", "0.00"
"1054337475", "10 Jul 2016 00:04:43", "", "", "1 Day", "0.00"
"1054442103", "10 Jul 2016 00:04:43", "", "", "1 Day", "0.00"
"1056164305", "10 Jul 2016 00:04:43", "", "", "1 Day", "0.00"
"1056488235", "10 Jul 2016 00:04:43", "", "", "1 Day", "0.00"
"1056514274", "10 Jul 2016 00:04:43", "", "", "1 Day", "0.00"
"1056569167", "10 Jul 2016 00:04:43", "", "", "1 Day", "0.00"
"1056599444", "10 Jul 2016 00:04:43", "", "", "1 Day", "0.00"
"1056622958", "10 Jul 2016 00:04:43", "", "", "1 Day", "0.00"
"1057445191", "10 Jul 2016 00:04:43", "", "", "1 Day", "0.00"
"1057833972", "10 Jul 2016 00:04:43", "", "", "1 Day", "0.00"
"1058077289", "10 Jul 2016 00:04:43", "", "", "1 Day", "0.00"
"1059164798", "10 Jul 2016 00:04:43", "", "", "1 Day", "0.00"
"1059451070", "10 Jul 2016 00:04:43", "", "", "1 Day", "0.00"
"1060506950", "10 Jul 2016 00:04:43", "", "", "1 Day", "0.00"
"1060689921", "10 Jul 2016 00:04:43", "", "", "1 Day", "0.00"
"1061633279", "10 Jul 2016 00:04:43", "", "", "1 Day", "0.00"
"1062385116", "10 Jul 2016 00:04:43", "", "", "1 Day", "0.00"
"1062400657", "10 Jul 2016 00:04:43", "", "", "1 Day", "0.00"
"1062696996", "10 Jul 2016 00:04:43", "", "", "1 Day", "0.00"
"1063478798", "10 Jul 2016 00:04:43", "", "", "1 Day", "0.00"
"1063739757", "10 Jul 2016 00:04:43", "", "", "1 Day", "0.00"
"1064100979", "10 Jul 2016 00:04:43", "", "", "1 Day", "0.00"
"1064159091", "10 Jul 2016 00:04:43", "", "", "1 Day", "0.00"
"1065257394", "10 Jul 2016 00:04:43", "", "", "1 Day", "0.00"
"1065470383", "10 Jul 2016 00:04:43", "", "", "1 Day", "0.00"
"1065838007", "10 Jul 2016 00:04:43", "", "", "1 Day", "0.00"
"1066553618", "10 Jul 2016 00:04:43", "", "", "1 Day", "0.00"
"1067532655", "10 Jul 2016 00:04:43", "", "", "1 Day", "0.00"
"1067573743", "10 Jul 2016 00:04:43", "", "", "1 Day", "0.00"
"1067648649", "10 Jul 2016 00:04:43", "", "", "1 Day", "0.00"
"1068179858", "10 Jul 2016 00:04:43", "", "", "1 Day", "0.00"
"1068229537", "10 Jul 2016 00:04:43", "", "", "1 Day", "0.00"
"1068521043", "10 Jul 2016 00:04:43", "", "", "1 Day", "0.00"
"1068818694", "10 Jul 2016 00:04:43", "", "", "1 Day", "0.00"
"1069198983", "10 Jul 2016 00:04:43", "", "", "1 Day", "0.00"
"1069384405", "10 Jul 2016 00:04:43", "", "", "1 Day", "0.00"
"1069787324", "10 Jul 2016 00:04:43", "", "", "1 Day", "0.00"
"1069987120", "10 Jul 2016 00:04:43", "", "", "1 Day", "0.00"
"1070830519", "10 Jul 2016 00:04:43", "", "", "1 Day", "0.00"
"1071398277", "10 Jul 2016 00:04:43", "", "", "1 Day", "0.00"
"1071701131", "10 Jul 2016 00:04:43", "", "", "1 Day", "0.00"
"1072514791", "10 Jul 2016 00:04:43", "", "", "1 Day", "0.00"
"1072648053", "10 Jul 2016 00:04:43", "", "", "1 Day", "0.00"
"1073382887", "10 Jul 2016 00:04:43", "", "", "1 Day", "0.00"
"1073473797", "10 Jul 2016 00:04:43", "", "", "1 Day", "0.00"
"1073809547", "10 Jul 2016 00:04:43", "", "", "1 Day", "0.00"
"1074044942", "10 Jul 2016 00:04:43", "", "", "1 Day", "0.00"
"1074320459", "10 Jul 2016 00:04:43", "", "", "1 Day", "0.00"
"1074423725", "10 Jul 2016 00:04:43", "", "", "1 Day", "0.00"
"1074667729", "10 Jul 2016 00:04:43", "", "", "1 Day", "0.00"
"1074760986", "10 Jul 2016 00:04:43", "", "", "1 Day", "0.00"
"1074856955", "10 Jul 2016 00:04:43", "", "", "1 Day", "0.00"
"1075519182", "10 Jul 2016 00:04:43", "", "", "1 Day", "0.00"
"1077737765", "10 Jul 2016 00:04:43", "", "", "1 Day", "0.00"
"1078005591", "10 Jul 2016 00:04:43", "", "", "1 Day", "0.00"
"1078394413", "10 Jul 2016 00:04:43", "", "", "1 Day", "0.00"
"1078987635", "10 Jul 2016 00:04:43", "", "", "1 Day", "0.00"
"1081388465", "10 Jul 2016 00:04:43", "", "", "1 Day", "0.00"
"1082561499", "10 Jul 2016 00:04:43", "", "", "1 Day", "0.00"
"1083054454", "10 Jul 2016 00:04:43", "", "", "1 Day", "0.00"
"1083659818", "10 Jul 2016 00:04:43", "", "", "1 Day", "0.00"
"1085722058", "10 Jul 2016 00:04:43", "", "", "1 Day", "0.00"
"1085841048", "10 Jul 2016 00:04:43", "", "", "1 Day", "0.00"
"1085892231", "10 Jul 2016 00:04:43", "", "", "1 Day", "0.00"
"1086325705", "10 Jul 2016 00:04:43", "", "", "1 Day", "0.00"
"1086678867", "10 Jul 2016 00:04:43", "", "", "1 Day", "0.00"
"1088474509", "10 Jul 2016 00:04:43", "", "", "1 Day", "0.00"
"1088837704", "10 Jul 2016 00:04:43", "", "", "1 Day", "0.00"
"1089042247", "10 Jul 2016 00:04:43", "", "", "1 Day", "0.00"
"1089975590", "10 Jul 2016 00:04:43", "", "", "1 Day", "0.00"
"1090013451", "10 Jul 2016 00:04:43", "", "", "1 Day", "0.00"
"1090723150", "10 Jul 2016 00:04:43", "", "", "1 Day", "0.00"
"1091624985", "10 Jul 2016 00:04:43", "", "", "1 Day", "0.00"
"1091869034", "10 Jul 2016 00:04:43", "", "", "1 Day", "0.00"
"1093073150", "10 Jul 2016 00:04:43", "", "", "1 Day", "0.00"
"1094435205", "10 Jul 2016 00:04:43", "", "", "1 Day", "0.00"
"1094709251", "10 Jul 2016 00:04:43", "", "", "1 Day", "0.00"
"1094844263", "10 Jul 2016 00:04:43", "", "", "1 Day", "0.00"
"1095237100", "10 Jul 2016 00:04:43", "", "", "1 Day", "0.00"
"1096502128", "10 Jul 2016 00:04:43", "", "", "1 Day", "0.00"
"1096534651", "10 Jul 2016 00:04:43", "", "", "1 Day", "0.00"
"1097022154", "10 Jul 2016 00:04:43", "", "", "1 Day", "0.00"
"1097186581", "10 Jul 2016 00:04:43", "", "", "1 Day", "0.00"
"1097283486", "10 Jul 2016 00:04:43", "", "", "1 Day", "0.00"
"1097704764", "10 Jul 2016 00:04:43", "", "", "1 Day", "0.00"
"1098727642", "10 Jul 2016 00:04:43", "", "", "1 Day", "0.00"
"1099298327", "10 Jul 2016 00:04:43", "", "", "1 Day", "0.00"
"1099601851", "10 Jul 2016 00:04:43", "", "", "1 Day", "0.00"
"1099770619", "10 Jul 2016 00:04:43", "", "", "1 Day", "0.00"
"1100668809", "10 Jul 2016 00:04:43", "", "", "1 Day", "0.00"
"1103218847", "10 Jul 2016 00:04:43", "", "", "1 Day", "0.00"
"1104105074", "10 Jul 2016 00:04:43", "", "", "1 Day", "0.00"
"1104465679", "10 Jul 2016 00:04:43", "", "", "1 Day", "0.00"
"1105524444", "10 Jul 2016 00:04:43", "", "", "1 Day", "0.00"
"1106321218", "10 Jul 2016 00:04:43", "", "", "1 Day", "0.00"
"1106852041", "10 Jul 2016 00:04:43", "", "", "1 Day", "0.00"
"1106900432", "10 Jul 2016 00:04:43", "", "", "1 Day", "0.00"
"1107176508", "10 Jul 2016 00:04:43", "", "", "1 Day", "0.00"
"1107525808", "10 Jul 2016 00:04:43", "", "", "1 Day", "0.00"
"1107583795", "10 Jul 2016 00:04:43", "", "", "1 Day", "0.00"
"1111162016", "10 Jul 2016 00:04:43", "", "", "1 Day", "0.00"
"1111199236", "10 Jul 2016 00:04:43", "", "", "1 Day", "0.00"
"1111266854", "10 Jul 2016 00:04:43", "", "", "1 Day", "0.00"
"1111294636", "10 Jul 2016 00:04:43", "", "", "1 Day", "0.00"
"1111402924", "10 Jul 2016 00:04:43", "", "", "1 Day", "0.00"
"1112236807", "10 Jul 2016 00:04:43", "", "", "1 Day", "0.00"
"1113122553", "10 Jul 2016 00:04:43", "", "", "1 Day", "0.00"
"1113507508", "10 Jul 2016 00:04:43", "", "", "1 Day", "0.00"
"1114526954", "10 Jul 2016 00:04:43", "", "", "1 Day", "0.00"
"1116588345", "10 Jul 2016 00:04:43", "", "", "1 Day", "0.00"
"1116676534", "10 Jul 2016 00:04:43", "", "", "1 Day", "0.00"
"1117524559", "10 Jul 2016 00:04:43", "", "", "1 Day", "0.00"
"1118118617", "10 Jul 2016 00:04:43", "", "", "1 Day", "0.00"
"1119773182", "10 Jul 2016 00:04:43", "", "", "1 Day", "0.00"
"1120612015", "10 Jul 2016 00:04:43", "", "", "1 Day", "0.00"
"1121669826", "10 Jul 2016 00:04:43", "", "", "1 Day", "0.00"
"1122206889", "10 Jul 2016 00:04:43", "", "", "1 Day", "0.00"
"1122955129", "10 Jul 2016 00:04:43", "", "", "1 Day", "0.00"
"1123124685", "10 Jul 2016 00:04:43", "", "", "1 Day", "0.00"
"1123539298", "10 Jul 2016 00:04:43", "", "", "1 Day", "0.00"
"1124650875", "10 Jul 2016 00:04:43", "", "", "1 Day", "0.00"
"1124956106", "10 Jul 2016 00:04:43", "", "", "1 Day", "0.00"
"1124960019", "10 Jul 2016 00:04:43", "", "", "1 Day", "0.00"
"1125700918", "10 Jul 2016 00:04:43", "", "", "1 Day", "0.00"
"1128211886", "10 Jul 2016 00:04:43", "", "", "1 Day", "0.00"
"1128398935", "10 Jul 2016 00:04:43", "", "", "1 Day", "0.00"
"1128499951", "10 Jul 2016 00:04:43", "", "", "1 Day", "0.00"
"1130149446", "10 Jul 2016 00:04:43", "", "", "1 Day", "0.00"
"1130355176", "10 Jul 2016 00:04:43", "", "", "1 Day", "0.00"
"1130387383", "10 Jul 2016 00:04:43", "", "", "1 Day", "0.00"
"1131550902", "10 Jul 2016 00:04:43", "", "", "1 Day", "0.00"
"1132903248", "10 Jul 2016 00:04:43", "", "", "1 Day", "0.00"
"1132968088", "10 Jul 2016 00:04:43", "", "", "1 Day", "0.00"
"1133307245", "10 Jul 2016 00:04:43", "", "", "1 Day", "0.00"
"1134410736", "10 Jul 2016 00:04:43", "", "", "1 Day", "0.00"
"1135055944", "10 Jul 2016 00:04:43", "", "", "1 Day", "0.00"
"1135119018", "10 Jul 2016 00:04:43", "", "", "1 Day", "0.00"
"1136085385", "10 Jul 2016 00:04:43", "", "", "1 Day", "0.00"
"1136169042", "10 Jul 2016 00:04:43", "", "", "1 Day", "0.00"
"1137994965", "10 Jul 2016 00:04:43", "", "", "1 Day", "0.00"
"1138253465", "10 Jul 2016 00:04:43", "", "", "1 Day", "0.00"
"1139114380", "10 Jul 2016 00:04:43", "", "", "1 Day", "0.00"
"1139413547", "10 Jul 2016 00:04:43", "", "", "1 Day", "0.00"
"1139512980", "10 Jul 2016 00:04:43", "", "", "1 Day", "0.00"
"1140900952", "10 Jul 2016 00:04:43", "", "", "1 Day", "0.00"
"1141269477", "10 Jul 2016 00:04:43", "", "", "1 Day", "0.00"
"1141379293", "10 Jul 2016 00:04:43", "", "", "1 Day", "0.00"
"1141620167", "10 Jul 2016 00:04:43", "", "", "1 Day", "0.00"
"1141630934", "10 Jul 2016 00:04:43", "", "", "1 Day", "0.00"
"1141952252", "10 Jul 2016 00:04:43", "", "", "1 Day", "0.00"
"1141970515", "10 Jul 2016 00:04:43", "", "", "1 Day", "0.00"
"1142475125", "10 Jul 2016 00:04:43", "", "", "1 Day", "0.00"
"1143281474", "10 Jul 2016 00:04:43", "", "", "1 Day", "0.00"
"1143757326", "10 Jul 2016 00:04:43", "", "", "1 Day", "0.00"
"1144072517", "10 Jul 2016 00:04:43", "", "", "1 Day", "0.00"
"1144523192", "10 Jul 2016 00:04:43", "", "", "1 Day", "0.00"
"1144706477", "10 Jul 2016 00:04:43", "", "", "1 Day", "0.00"
"1145664036", "10 Jul 2016 00:04:43", "", "", "1 Day", "0.00"
"1146503623", "10 Jul 2016 00:04:43", "", "", "1 Day", "0.00"
"1146952811", "10 Jul 2016 00:04:43", "", "", "1 Day", "0.00"
"1147558502", "10 Jul 2016 00:04:43", "", "", "1 Day", "0.00"
"1147822895", "10 Jul 2016 00:04:43", "", "", "1 Day", "0.00"
"1148739242", "10 Jul 2016 00:04:43", "", "", "1 Day", "0.00"
"1149012057", "10 Jul 2016 00:04:43", "", "", "1 Day", "0.00"
"1149560035", "10 Jul 2016 00:04:43", "", "", "1 Day", "0.00"
"1149707944", "10 Jul 2016 00:04:43", "", "", "1 Day", "0.00"
"1150091100", "10 Jul 2016 00:04:43", "", "", "1 Day", "0.00"
"1150178139", "10 Jul 2016 00:04:43", "", "", "1 Day", "0.00"
"1150928201", "10 Jul 2016 00:04:43", "", "", "1 Day", "0.00"
"1151468629", "10 Jul 2016 00:04:43", "", "", "1 Day", "0.00"
"1151798928", "10 Jul 2016 00:04:43", "", "", "1 Day", "0.00"
"1152132490", "10 Jul 2016 00:04:43", "", "", "1 Day", "0.00"
"1152899137", "10 Jul 2016 00:04:43", "", "", "1 Day", "0.00"
"1153420625", "10 Jul 2016 00:04:43", "", "", "1 Day", "0.00"
"1153467647", "10 Jul 2016 00:04:43", "", "", "1 Day", "0.00"
"1153556122", "10 Jul 2016 00:04:43", "", "", "1 Day", "0.00"
"1153653249", "10 Jul 2016 00:04:43", "", "", "1 Day", "0.00"
"1154838290", "10 Jul 2016 00:04:43", "", "", "1 Day", "0.00"
"1154942459", "10 Jul 2016 00:04:43", "", "", "1 Day", "0.00"
"1155179632", "10 Jul 2016 00:04:43", "", "", "1 Day", "0.00"
"1155748440", "10 Jul 2016 00:04:43", "", "", "1 Day", "0.00"
"1155941213", "10 Jul 2016 00:04:43", "", "", "1 Day", "0.00"
"1156315086", "10 Jul 2016 00:04:43", "", "", "1 Day", "0.00"
"1156375326", "10 Jul 2016 00:04:43", "", "", "1 Day", "0.00"
"1157469099", "10 Jul 2016 00:04:43", "", "", "1 Day", "0.00"
"1158204674", "10 Jul 2016 00:04:43", "", "", "1 Day", "0.00"
"1158504431", "10 Jul 2016 00:04:43", "", "", "1 Day", "0.00"
"1158675812", "10 Jul 2016 00:04:43", "", "", "1 Day", "0.00"
"1159090940", "10 Jul 2016 00:04:43", "", "", "1 Day", "0.00"
"1159984049", "10 Jul 2016 00:04:43", "", "", "1 Day", "0.00"
"1160136216", "10 Jul 2016 00:04:43", "", "", "1 Day", "0.00"
"1160196631", "10 Jul 2016 00:04:43", "", "", "1 Day", "0.00"
"1160297001", "10 Jul 2016 00:04:43", "", "", "1 Day", "0.00"
"1160785155", "10 Jul 2016 00:04:43", "", "", "1 Day", "0.00"
"1160885670", "10 Jul 2016 00:04:43", "", "", "1 Day", "0.00"
"1161260591", "10 Jul 2016 00:04:43", "", "", "1 Day", "0.00"
"1161630820", "10 Jul 2016 00:04:43", "", "", "1 Day", "0.00"
"1161631516", "10 Jul 2016 00:04:43", "", "", "1 Day", "0.00"
"1162221928", "10 Jul 2016 00:04:43", "", "", "1 Day", "0.00"
"1162444431", "10 Jul 2016 00:04:43", "", "", "1 Day", "0.00"
"1162872321", "10 Jul 2016 00:04:43", "", "", "1 Day", "0.00"
"1163508920", "10 Jul 2016 00:04:43", "", "", "1 Day", "0.00"
"1163511987", "10 Jul 2016 00:04:43", "", "", "1 Day", "0.00"
"1164157339", "10 Jul 2016 00:04:43", "", "", "1 Day", "0.00"
"1164364907", "10 Jul 2016 00:04:43", "", "", "1 Day", "0.00"
"1164460601", "10 Jul 2016 00:04:43", "", "", "1 Day", "0.00"
"1164595770", "10 Jul 2016 00:04:43", "", "", "1 Day", "0.00"
"1164967987", "10 Jul 2016 00:04:43", "", "", "1 Day", "0.00"
"1165182662", "10 Jul 2016 00:04:43", "", "", "1 Day", "0.00"
"1165393049", "10 Jul 2016 00:04:43", "", "", "1 Day", "0.00"
"1167200005", "10 Jul 2016 00:04:43", "", "", "1 Day", "0.00"
"1167666638", "10 Jul 2016 00:04:43", "", "", "1 Day", "0.00"
"1167875265", "10 Jul 2016 00:04:43", "", "", "1 Day", "0.00"
"1168968154", "10 Jul 2016 00:04:43", "", "", "1 Day", "0.00"
"1169411366", "10 Jul 2016 00:04:43", "", "", "1 Day", "0.00"
"1170263704", "10 Jul 2016 00:04:43", "", "", "1 Day", "0.00"
"1170504363", "10 Jul 2016 00:04:43", "", "", "1 Day", "0.00"
"1170711760", "10 Jul 2016 00:04:43", "", "", "1 Day", "0.00"
"1170785380", "10 Jul 2016 00:04:43", "", "", "1 Day", "0.00"
"1171440021", "10 Jul 2016 00:04:43", "", "", "1 Day", "0.00"
"1171800281", "10 Jul 2016 00:04:43", "", "", "1 Day", "0.00"
"1172473635", "10 Jul 2016 00:04:43", "", "", "1 Day", "0.00"
"1172852040", "10 Jul 2016 00:04:43", "", "", "1 Day", "0.00"
"1172938106", "10 Jul 2016 00:04:43", "", "", "1 Day", "0.00"
"1173432218", "10 Jul 2016 00:04:43", "", "", "1 Day", "0.00"
"1174075497", "10 Jul 2016 00:04:43", "", "", "1 Day", "0.00"
"1174140962", "10 Jul 2016 00:04:43", "", "", "1 Day", "0.00"
"1174499888", "10 Jul 2016 00:04:43", "", "", "1 Day", "0.00"
"1175114943", "10 Jul 2016 00:04:43", "", "", "1 Day", "0.00"
"1175270617", "10 Jul 2016 00:04:43", "", "", "1 Day", "0.00"
"1175276287", "10 Jul 2016 00:04:43", "", "", "1 Day", "0.00"
"1177802353", "10 Jul 2016 00:04:43", "", "", "1 Day", "0.00"
"1177885832", "10 Jul 2016 00:04:43", "", "", "1 Day", "0.00"
"1178420630", "10 Jul 2016 00:04:43", "", "", "1 Day", "0.00"
"1178444102", "10 Jul 2016 00:04:43", "", "", "1 Day", "0.00"
"1178466392", "10 Jul 2016 00:04:43", "", "", "1 Day", "0.00"
"1178792701", "10 Jul 2016 00:04:43", "", "", "1 Day", "0.00"
"1179070927", "10 Jul 2016 00:04:43", "", "", "1 Day", "0.00"
"1179097427", "10 Jul 2016 00:04:43", "", "", "1 Day", "0.00"
"1179097792", "10 Jul 2016 00:04:43", "", "", "1 Day", "0.00"
"1179656963", "10 Jul 2016 00:04:43", "", "", "1 Day", "0.00"
"1179966296", "10 Jul 2016 00:04:43", "", "", "1 Day", "0.00"
"1180195171", "10 Jul 2016 00:04:43", "", "", "1 Day", "0.00"
"1180471571", "10 Jul 2016 00:04:43", "", "", "1 Day", "0.00"
"1180944180", "10 Jul 2016 00:04:43", "", "", "1 Day", "0.00"
"1181563062", "10 Jul 2016 00:04:43", "", "", "1 Day", "0.00"
"1182245938", "10 Jul 2016 00:04:43", "", "", "1 Day", "0.00"
"1182816828", "10 Jul 2016 00:04:43", "", "", "1 Day", "0.00"
"1182963627", "10 Jul 2016 00:04:43", "", "", "1 Day", "0.00"
"1183992978", "10 Jul 2016 00:04:43", "", "", "1 Day", "0.00"
"1184577227", "10 Jul 2016 00:04:43", "", "", "1 Day", "0.00"
"1184625759", "10 Jul 2016 00:04:43", "", "", "1 Day", "0.00"
"1184626222", "10 Jul 2016 00:04:43", "", "", "1 Day", "0.00"
"1184702517", "10 Jul 2016 00:04:43", "", "", "1 Day", "0.00"
"1185110586", "10 Jul 2016 00:04:43", "", "", "1 Day", "0.00"
"1187179263", "10 Jul 2016 00:04:43", "", "", "1 Day", "0.00"
"1188187320", "10 Jul 2016 00:04:43", "", "", "1 Day", "0.00"
"1188294326", "10 Jul 2016 00:04:43", "", "", "1 Day", "0.00"
"1188335999", "10 Jul 2016 00:04:43", "", "", "1 Day", "0.00"
"1188715827", "10 Jul 2016 00:04:43", "", "", "1 Day", "0.00"
"1189307184", "10 Jul 2016 00:04:43", "", "", "1 Day", "0.00"
"1189389518", "10 Jul 2016 00:04:43", "", "", "1 Day", "0.00"
"1189948662", "10 Jul 2016 00:04:43", "", "", "1 Day", "0.00"
"1190098765", "10 Jul 2016 00:04:43", "", "", "1 Day", "0.00"
"1190275797", "10 Jul 2016 00:04:43", "", "", "1 Day", "0.00"
"1190762010", "10 Jul 2016 00:04:43", "", "", "1 Day", "0.00"
"1190963266", "10 Jul 2016 00:04:43", "", "", "1 Day", "0.00"
"1191536302", "10 Jul 2016 00:04:43", "", "", "1 Day", "0.00"
"1191793593", "10 Jul 2016 00:04:43", "", "", "1 Day", "0.00"
"1192138096", "10 Jul 2016 00:04:43", "", "", "1 Day", "0.00"
"1192400093", "10 Jul 2016 00:04:43", "", "", "1 Day", "0.00"
"1192577214", "10 Jul 2016 00:04:43", "", "", "1 Day", "0.00"
"1192806134", "10 Jul 2016 00:04:43", "", "", "1 Day", "0.00"
"1192946271", "10 Jul 2016 00:04:43", "", "", "1 Day", "0.00"
"1193712103", "10 Jul 2016 00:04:43", "", "", "1 Day", "0.00"
"1193736674", "10 Jul 2016 00:04:43", "", "", "1 Day", "0.00"
"1193903170", "10 Jul 2016 00:04:43", "", "", "1 Day", "0.00"
"1194179959", "10 Jul 2016 00:04:43", "", "", "1 Day", "0.00"
"1194574765", "10 Jul 2016 00:04:43", "", "", "1 Day", "0.00"
"1194826180", "10 Jul 2016 00:04:43", "", "", "1 Day", "0.00"
"1194876431", "10 Jul 2016 00:04:43", "", "", "1 Day", "0.00"
"1194901739", "10 Jul 2016 00:04:43", "", "", "1 Day", "0.00"
"1195807886", "10 Jul 2016 00:04:43", "", "", "1 Day", "0.00"
"1196009156", "10 Jul 2016 00:04:43", "", "", "1 Day", "0.00"
"1196095152", "10 Jul 2016 00:04:43", "", "", "1 Day", "0.00"
"1196216786", "10 Jul 2016 00:04:43", "", "", "1 Day", "0.00"
"1197052128", "10 Jul 2016 00:04:43", "", "", "1 Day", "0.00"
"1197077138", "10 Jul 2016 00:04:43", "", "", "1 Day", "0.00"
"1197079045", "10 Jul 2016 00:04:43", "", "", "1 Day", "0.00"
"1197837489", "10 Jul 2016 00:04:43", "", "", "1 Day", "0.00"
"1198035608", "10 Jul 2016 00:04:43", "", "", "1 Day", "0.00"
"1198939982", "10 Jul 2016 00:04:43", "", "", "1 Day", "0.00"
"1199190760", "10 Jul 2016 00:04:43", "", "", "1 Day", "0.00"
"1199935995", "10 Jul 2016 00:04:43", "", "", "1 Day", "0.00"
"1200274004", "10 Jul 2016 00:04:43", "", "", "1 Day", "0.00"
"1200461061", "10 Jul 2016 00:04:43", "", "", "1 Day", "0.00"
"1200530060", "10 Jul 2016 00:04:43", "", "", "1 Day", "0.00"
"1200802768", "10 Jul 2016 00:04:43", "", "", "1 Day", "0.00"
"1201369433", "10 Jul 2016 00:04:43", "", "", "1 Day", "0.00"
"1201374208", "10 Jul 2016 00:04:43", "", "", "1 Day", "0.00"
"1201484955", "10 Jul 2016 00:04:43", "", "", "1 Day", "0.00"
"1201820090", "10 Jul 2016 00:04:43", "", "", "1 Day", "0.00"
"1202167539", "10 Jul 2016 00:04:43", "", "", "1 Day", "0.00"
"1202368726", "10 Jul 2016 00:04:43", "", "", "1 Day", "0.00"
"1203888296", "10 Jul 2016 00:04:43", "", "", "1 Day", "0.00"
"1205306261", "10 Jul 2016 00:04:43", "", "", "1 Day", "0.00"
"1207702003", "10 Jul 2016 00:04:43", "", "", "1 Day", "0.00"
"1207860616", "10 Jul 2016 00:04:43", "", "", "1 Day", "0.00"
"1208625144", "10 Jul 2016 00:04:43", "", "", "1 Day", "0.00"
"1208687961", "10 Jul 2016 00:04:43", "", "", "1 Day", "0.00"
"1208691402", "10 Jul 2016 00:04:43", "", "", "1 Day", "0.00"
"1209018605", "10 Jul 2016 00:04:43", "", "", "1 Day", "0.00"
"1209660702", "10 Jul 2016 00:04:43", "", "", "1 Day", "0.00"
"1209989574", "10 Jul 2016 00:04:43", "", "", "1 Day", "0.00"
"1210100523", "10 Jul 2016 00:04:43", "", "", "1 Day", "0.00"
"1210102315", "10 Jul 2016 00:04:43", "", "", "1 Day", "0.00"
"1210299022", "10 Jul 2016 00:04:43", "", "", "1 Day", "0.00"
"1210979575", "10 Jul 2016 00:04:43", "", "", "1 Day", "0.00"
"1211378569", "10 Jul 2016 00:04:43", "", "", "1 Day", "0.00"
"1211555198", "10 Jul 2016 00:04:43", "", "", "1 Day", "0.00"
"1211555743", "10 Jul 2016 00:04:43", "", "", "1 Day", "0.00"
"1212019207", "10 Jul 2016 00:04:43", "", "", "1 Day", "0.00"
"1212371131", "10 Jul 2016 00:04:43", "", "", "1 Day", "0.00"
"1212373170", "10 Jul 2016 00:04:43", "", "", "1 Day", "0.00"
"1212715593", "10 Jul 2016 00:04:43", "", "", "1 Day", "0.00"
"1213076857", "10 Jul 2016 00:04:43", "", "", "1 Day", "0.00"
"1213113941", "10 Jul 2016 00:04:43", "", "", "1 Day", "0.00"
"1214898785", "10 Jul 2016 00:04:43", "", "", "1 Day", "0.00"
"1215185009", "10 Jul 2016 00:04:43", "", "", "1 Day", "0.00"
"1215299555", "10 Jul 2016 00:04:43", "", "", "1 Day", "0.00"
"1215617939", "10 Jul 2016 00:04:43", "", "", "1 Day", "0.00"
"1216381130", "10 Jul 2016 00:04:43", "", "", "1 Day", "0.00"
"1217312947", "10 Jul 2016 00:04:43", "", "", "1 Day", "0.00"
"1217511617", "10 Jul 2016 00:04:43", "", "", "1 Day", "0.00"
"1217699311", "10 Jul 2016 00:04:43", "", "", "1 Day", "0.00"
"1217728193", "10 Jul 2016 00:04:43", "", "", "1 Day", "0.00"
"1217786246", "10 Jul 2016 00:04:43", "", "", "1 Day", "0.00"
"1219255487", "10 Jul 2016 00:04:43", "", "", "1 Day", "0.00"
"1219325247", "10 Jul 2016 00:04:43", "", "", "1 Day", "0.00"
"1220409272", "10 Jul 2016 00:04:43", "", "", "1 Day", "0.00"
"1221298356", "10 Jul 2016 00:04:43", "", "", "1 Day", "0.00"
"1222183527", "10 Jul 2016 00:04:43", "", "", "1 Day", "0.00"
"1223052069", "10 Jul 2016 00:04:43", "", "", "1 Day", "0.00"
"1223672024", "10 Jul 2016 00:04:43", "", "", "1 Day", "0.00"
"1224465928", "10 Jul 2016 00:04:43", "", "", "1 Day", "0.00"
"1224631913", "10 Jul 2016 00:04:43", "", "", "1 Day", "0.00"
"1224855259", "10 Jul 2016 00:04:43", "", "", "1 Day", "0.00"
"1224948236", "10 Jul 2016 00:04:43", "", "", "1 Day", "0.00"
"1225032980", "10 Jul 2016 00:04:43", "", "", "1 Day", "0.00"
"1225265293", "10 Jul 2016 00:04:43", "", "", "1 Day", "0.00"
"1225699197", "10 Jul 2016 00:04:43", "", "", "1 Day", "0.00"
"1226122432", "10 Jul 2016 00:04:43", "", "", "1 Day", "0.00"
"1226201310", "10 Jul 2016 00:04:43", "", "", "1 Day", "0.00"
"1226362080", "10 Jul 2016 00:04:43", "", "", "1 Day", "0.00"
"1227339055", "10 Jul 2016 00:04:43", "", "", "1 Day", "0.00"
"1228637638", "10 Jul 2016 00:04:43", "", "", "1 Day", "0.00"
"1228760328", "10 Jul 2016 00:04:43", "", "", "1 Day", "0.00"
"1228974342", "10 Jul 2016 00:04:43", "", "", "1 Day", "0.00"
"1229558222", "10 Jul 2016 00:04:43", "", "", "1 Day", "0.00"
"1230578735", "10 Jul 2016 00:04:43", "", "", "1 Day", "0.00"
"1230806605", "10 Jul 2016 00:04:43", "", "", "1 Day", "0.00"
"1231407282", "10 Jul 2016 00:04:43", "", "", "1 Day", "0.00"
"1232522392", "10 Jul 2016 00:04:43", "", "", "1 Day", "0.00"
"1236181691", "10 Jul 2016 00:04:43", "", "", "1 Day", "0.00"
"1236794312", "10 Jul 2016 00:04:43", "", "", "1 Day", "0.00"
"1237238732", "10 Jul 2016 00:04:43", "", "", "1 Day", "0.00"
"1237962255", "10 Jul 2016 00:04:43", "", "", "1 Day", "0.00"
"1238399849", "10 Jul 2016 00:04:43", "", "", "1 Day", "0.00"
"1238662237", "10 Jul 2016 00:04:43", "", "", "1 Day", "0.00"
"1239243746", "10 Jul 2016 00:04:43", "", "", "1 Day", "0.00"
"1239790621", "10 Jul 2016 00:04:43", "", "", "1 Day", "0.00"
"1239964344", "10 Jul 2016 00:04:43", "", "", "1 Day", "0.00"
"1239993188", "10 Jul 2016 00:04:43", "", "", "1 Day", "0.00"
"1240531633", "10 Jul 2016 00:04:43", "", "", "1 Day", "0.00"
"1240580468", "10 Jul 2016 00:04:43", "", "", "1 Day", "0.00"
"1240592684", "10 Jul 2016 00:04:43", "", "", "1 Day", "0.00"
"1242872581", "10 Jul 2016 00:04:43", "", "", "1 Day", "0.00"
"1245452240", "10 Jul 2016 00:04:43", "", "", "1 Day", "0.00"
"1246182470", "10 Jul 2016 00:04:43", "", "", "1 Day", "0.00"
"1246900524", "10 Jul 2016 00:04:43", "", "", "1 Day", "0.00"
"1247010581", "10 Jul 2016 00:04:43", "", "", "1 Day", "0.00"
"1247210316", "10 Jul 2016 00:04:43", "", "", "1 Day", "0.00"
"1247223827", "10 Jul 2016 00:04:43", "", "", "1 Day", "0.00"
"1247928947", "10 Jul 2016 00:04:43", "", "", "1 Day", "0.00"
"1248941364", "10 Jul 2016 00:04:43", "", "", "1 Day", "0.00"
"1248952909", "10 Jul 2016 00:04:43", "", "", "1 Day", "0.00"
"1249079481", "10 Jul 2016 00:04:43", "", "", "1 Day", "0.00"
"1249234239", "10 Jul 2016 00:04:43", "", "", "1 Day", "0.00"
"1250380319", "10 Jul 2016 00:04:43", "", "", "1 Day", "0.00"
"1250908378", "10 Jul 2016 00:04:43", "", "", "1 Day", "0.00"
"1250921511", "10 Jul 2016 00:04:43", "", "", "1 Day", "0.00"
"1251944573", "10 Jul 2016 00:04:43", "", "", "1 Day", "0.00"
"1252007503", "10 Jul 2016 00:04:43", "", "", "1 Day", "0.00"
"1252220727", "10 Jul 2016 00:04:43", "", "", "1 Day", "0.00"
"1252395842", "10 Jul 2016 00:04:43", "", "", "1 Day", "0.00"
"1252797821", "10 Jul 2016 00:04:43", "", "", "1 Day", "0.00"
"1252842648", "10 Jul 2016 00:04:43", "", "", "1 Day", "0.00"
"1253057214", "10 Jul 2016 00:04:43", "", "", "1 Day", "0.00"
"1253319191", "10 Jul 2016 00:04:43", "", "", "1 Day", "0.00"
"1253424078", "10 Jul 2016 00:04:43", "", "", "1 Day", "0.00"
"1254137108", "10 Jul 2016 00:04:43", "", "", "1 Day", "0.00"
"1254242633", "10 Jul 2016 00:04:43", "", "", "1 Day", "0.00"
"1254380004", "10 Jul 2016 00:04:43", "", "", "1 Day", "0.00"
"1254793506", "10 Jul 2016 00:04:43", "", "", "1 Day", "0.00"
"1256901440", "10 Jul 2016 00:04:43", "", "", "1 Day", "0.00"
"1257225764", "10 Jul 2016 00:04:43", "", "", "1 Day", "0.00"
"1257906005", "10 Jul 2016 00:04:43", "", "", "1 Day", "0.00"
"1258355983", "10 Jul 2016 00:04:43", "", "", "1 Day", "0.00"
"1258711724", "10 Jul 2016 00:04:43", "", "", "1 Day", "0.00"
"1258717594", "10 Jul 2016 00:04:43", "", "", "1 Day", "0.00"
"1259125808", "10 Jul 2016 00:04:43", "", "", "1 Day", "0.00"
"1259435154", "10 Jul 2016 00:04:43", "", "", "1 Day", "0.00"
"1259436553", "10 Jul 2016 00:04:43", "", "", "1 Day", "0.00"
"1259503550", "10 Jul 2016 00:04:43", "", "", "1 Day", "0.00"
"1259575290", "10 Jul 2016 00:04:43", "", "", "1 Day", "0.00"
"1259856919", "10 Jul 2016 00:04:43", "", "", "1 Day", "0.00"
"1260206704", "10 Jul 2016 00:04:43", "", "", "1 Day", "0.00"
"1260942220", "10 Jul 2016 00:04:43", "", "", "1 Day", "0.00"
"1261791219", "10 Jul 2016 00:04:43", "", "", "1 Day", "0.00"
"1263032446", "10 Jul 2016 00:04:43", "", "", "1 Day", "0.00"
"1263230141", "10 Jul 2016 00:04:43", "", "", "1 Day", "0.00"
"1263250781", "10 Jul 2016 00:04:43", "", "", "1 Day", "0.00"
"1263614395", "10 Jul 2016 00:04:43", "", "", "1 Day", "0.00"
"1263765781", "10 Jul 2016 00:04:43", "", "", "1 Day", "0.00"
"1263978809", "10 Jul 2016 00:04:43", "", "", "1 Day", "0.00"
"1264172259", "10 Jul 2016 00:04:43", "", "", "1 Day", "0.00"
"1264297112", "10 Jul 2016 00:04:43", "", "", "1 Day", "0.00"
"1265205286", "10 Jul 2016 00:04:43", "", "", "1 Day", "0.00"
"1265982256", "10 Jul 2016 00:04:43", "", "", "1 Day", "0.00"
"1266302631", "10 Jul 2016 00:04:43", "", "", "1 Day", "0.00"
"1267705826", "10 Jul 2016 00:04:43", "", "", "1 Day", "0.00"
"1269225586", "10 Jul 2016 00:04:43", "", "", "1 Day", "0.00"
"1269697832", "10 Jul 2016 00:04:43", "", "", "1 Day", "0.00"
"1271061724", "10 Jul 2016 00:04:43", "", "", "1 Day", "0.00"
"1271266793", "10 Jul 2016 00:04:43", "", "", "1 Day", "0.00"
"1271399434", "10 Jul 2016 00:04:43", "", "", "1 Day", "0.00"
"1272835909", "10 Jul 2016 00:04:43", "", "", "1 Day", "0.00"
"1272969984", "10 Jul 2016 00:04:43", "", "", "1 Day", "0.00"
"1273069285", "10 Jul 2016 00:04:43", "", "", "1 Day", "0.00"
"1273467127", "10 Jul 2016 00:04:43", "", "", "1 Day", "0.00"
"1273512531", "10 Jul 2016 00:04:43", "", "", "1 Day", "0.00"
"1275094816", "10 Jul 2016 00:04:43", "", "", "1 Day", "0.00"
"1275207471", "10 Jul 2016 00:04:43", "", "", "1 Day", "0.00"
"1275276013", "10 Jul 2016 00:04:43", "", "", "1 Day", "0.00"
"1275658683", "10 Jul 2016 00:04:43", "", "", "1 Day", "0.00"
"1275854165", "10 Jul 2016 00:04:43", "", "", "1 Day", "0.00"
"1275869129", "10 Jul 2016 00:04:43", "", "", "1 Day", "0.00"
"1275898971", "10 Jul 2016 00:04:43", "", "", "1 Day", "0.00"
"1276176330", "10 Jul 2016 00:04:43", "", "", "1 Day", "0.00"
"1276553625", "10 Jul 2016 00:04:43", "", "", "1 Day", "0.00"
"1276616965", "10 Jul 2016 00:04:43", "", "", "1 Day", "0.00"
"1277144061", "10 Jul 2016 00:04:43", "", "", "1 Day", "0.00"
"1277213756", "10 Jul 2016 00:04:43", "", "", "1 Day", "0.00"
"1277229959", "10 Jul 2016 00:04:43", "", "", "1 Day", "0.00"
"1278033293", "10 Jul 2016 00:04:43", "", "", "1 Day", "0.00"
"1278052190", "10 Jul 2016 00:04:43", "", "", "1 Day", "0.00"
"1278244767", "10 Jul 2016 00:04:43", "", "", "1 Day", "0.00"
"1278394879", "10 Jul 2016 00:04:43", "", "", "1 Day", "0.00"
"1279523952", "10 Jul 2016 00:04:43", "", "", "1 Day", "0.00"
"1279703012", "10 Jul 2016 00:04:43", "", "", "1 Day", "0.00"
"1280824928", "10 Jul 2016 00:04:43", "", "", "1 Day", "0.00"
"1281694636", "10 Jul 2016 00:04:43", "", "", "1 Day", "0.00"
"1282421911", "10 Jul 2016 00:04:43", "", "", "1 Day", "0.00"
"1282468884", "10 Jul 2016 00:04:43", "", "", "1 Day", "0.00"
"1283451860", "10 Jul 2016 00:04:43", "", "", "1 Day", "0.00"
"1283695114", "10 Jul 2016 00:04:43", "", "", "1 Day", "0.00"
"1283847055", "10 Jul 2016 00:04:43", "", "", "1 Day", "0.00"
"1283927443", "10 Jul 2016 00:04:43", "", "", "1 Day", "0.00"
"1283946408", "10 Jul 2016 00:04:43", "", "", "1 Day", "0.00"
"1283988237", "10 Jul 2016 00:04:43", "", "", "1 Day", "0.00"
"1284001730", "10 Jul 2016 00:04:43", "", "", "1 Day", "0.00"
"1284223680", "10 Jul 2016 00:04:43", "", "", "1 Day", "0.00"
"1284421808", "10 Jul 2016 00:04:43", "", "", "1 Day", "0.00"
"1284727140", "10 Jul 2016 00:04:43", "", "", "1 Day", "0.00"
"1284960281", "10 Jul 2016 00:04:43", "", "", "1 Day", "0.00"
"1286024699", "10 Jul 2016 00:04:43", "", "", "1 Day", "0.00"
"1286290231", "10 Jul 2016 00:04:43", "", "", "1 Day", "0.00"
"1286850934", "10 Jul 2016 00:04:43", "", "", "1 Day", "0.00"
"1287921891", "10 Jul 2016 00:04:43", "", "", "1 Day", "0.00"
"1288814482", "10 Jul 2016 00:04:43", "", "", "1 Day", "0.00"
"1289217921", "10 Jul 2016 00:04:43", "", "", "1 Day", "0.00"
"1289268679", "10 Jul 2016 00:04:43", "", "", "1 Day", "0.00"
"1290032060", "10 Jul 2016 00:04:43", "", "", "1 Day", "0.00"
"1290955001", "10 Jul 2016 00:04:43", "", "", "1 Day", "0.00"
"1290985438", "10 Jul 2016 00:04:43", "", "", "1 Day", "0.00"
"1292919909", "10 Jul 2016 00:04:43", "", "", "1 Day", "0.00"
"1293406506", "10 Jul 2016 00:04:43", "", "", "1 Day", "0.00"
"1293671051", "10 Jul 2016 00:04:43", "", "", "1 Day", "0.00"
"1293984562", "10 Jul 2016 00:04:43", "", "", "1 Day", "0.00"
"1294806312", "10 Jul 2016 00:04:43", "", "", "1 Day", "0.00"
"1295464635", "10 Jul 2016 00:04:43", "", "", "1 Day", "0.00"
"1295951444", "10 Jul 2016 00:04:43", "", "", "1 Day", "0.00"
"1296111241", "10 Jul 2016 00:04:43", "", "", "1 Day", "0.00"
"1296237899", "10 Jul 2016 00:04:43", "", "", "1 Day", "0.00"
"1296456057", "10 Jul 2016 00:04:43", "", "", "1 Day", "0.00"
"1296810952", "10 Jul 2016 00:04:43", "", "", "1 Day", "0.00"
"1296837682", "10 Jul 2016 00:04:43", "", "", "1 Day", "0.00"
"1297676395", "10 Jul 2016 00:04:43", "", "", "1 Day", "0.00"
"1298184978", "10 Jul 2016 00:04:43", "", "", "1 Day", "0.00"
"1298265029", "10 Jul 2016 00:04:43", "", "", "1 Day", "0.00"
"1298405952", "10 Jul 2016 00:04:43", "", "", "1 Day", "0.00"
"1298718276", "10 Jul 2016 00:04:43", "", "", "1 Day", "0.00"
"1300057021", "10 Jul 2016 00:04:43", "", "", "1 Day", "0.00"
"1300557983", "10 Jul 2016 00:04:43", "", "", "1 Day", "0.00"
"1301060618", "10 Jul 2016 00:04:43", "", "", "1 Day", "0.00"
"1301232719", "10 Jul 2016 00:04:43", "", "", "1 Day", "0.00"
"1301524057", "10 Jul 2016 00:04:43", "", "", "1 Day", "0.00"
"1301848199", "10 Jul 2016 00:04:43", "", "", "1 Day", "0.00"
"1302755378", "10 Jul 2016 00:04:43", "", "", "1 Day", "0.00"
"1303324057", "10 Jul 2016 00:04:43", "", "", "1 Day", "0.00"
"1303647323", "10 Jul 2016 00:04:43", "", "", "1 Day", "0.00"
"1303804985", "10 Jul 2016 00:04:43", "", "", "1 Day", "0.00"
"1304335677", "10 Jul 2016 00:04:43", "", "", "1 Day", "0.00"
"1305234784", "10 Jul 2016 00:04:43", "", "", "1 Day", "0.00"
"1305804969", "10 Jul 2016 00:04:43", "", "", "1 Day", "0.00"
"1307034134", "10 Jul 2016 00:04:43", "", "", "1 Day", "0.00"
"1307291026", "10 Jul 2016 00:04:43", "", "", "1 Day", "0.00"
"1307570758", "10 Jul 2016 00:04:43", "", "", "1 Day", "0.00"
"1307736679", "10 Jul 2016 00:04:43", "", "", "1 Day", "0.00"
"1307875777", "10 Jul 2016 00:04:43", "", "", "1 Day", "0.00"
"1308146982", "10 Jul 2016 00:04:43", "", "", "1 Day", "0.00"
"1308515137", "10 Jul 2016 00:04:43", "", "", "1 Day", "0.00"
"1308710609", "10 Jul 2016 00:04:43", "", "", "1 Day", "0.00"
"1309037741", "10 Jul 2016 00:04:43", "", "", "1 Day", "0.00"
"1309110159", "10 Jul 2016 00:04:43", "", "", "1 Day", "0.00"
"1309224724", "10 Jul 2016 00:04:43", "", "", "1 Day", "0.00"
"1309327665", "10 Jul 2016 00:04:43", "", "", "1 Day", "0.00"
"1309496530", "10 Jul 2016 00:04:43", "", "", "1 Day", "0.00"
"1309776516", "10 Jul 2016 00:04:43", "", "", "1 Day", "0.00"
"1310193810", "10 Jul 2016 00:04:43", "", "", "1 Day", "0.00"
"1310282270", "10 Jul 2016 00:04:43", "", "", "1 Day", "0.00"
"1311882572", "10 Jul 2016 00:04:43", "", "", "1 Day", "0.00"
"1312270422", "10 Jul 2016 00:04:43", "", "", "1 Day", "0.00"
"1312728041", "10 Jul 2016 00:04:43", "", "", "1 Day", "0.00"
"1312767205", "10 Jul 2016 00:04:43", "", "", "1 Day", "0.00"
"1312834956", "10 Jul 2016 00:04:43", "", "", "1 Day", "0.00"
"1313529404", "10 Jul 2016 00:04:43", "", "", "1 Day", "0.00"
"1313533526", "10 Jul 2016 00:04:43", "", "", "1 Day", "0.00"
"1313630154", "10 Jul 2016 00:04:43", "", "", "1 Day", "0.00"
"1313700850", "10 Jul 2016 00:04:43", "", "", "1 Day", "0.00"
"1313847935", "10 Jul 2016 00:04:43", "", "", "1 Day", "0.00"
"1314519008", "10 Jul 2016 00:04:43", "", "", "1 Day", "0.00"
"1314930406", "10 Jul 2016 00:04:43", "", "", "1 Day", "0.00"
"1315008954", "10 Jul 2016 00:04:43", "", "", "1 Day", "0.00"
"1316724691", "10 Jul 2016 00:04:43", "", "", "1 Day", "0.00"
"1317348738", "10 Jul 2016 00:04:43", "", "", "1 Day", "0.00"
"1317755575", "10 Jul 2016 00:04:43", "", "", "1 Day", "0.00"
"1318051207", "10 Jul 2016 00:04:43", "", "", "1 Day", "0.00"
"1318249070", "10 Jul 2016 00:04:43", "", "", "1 Day", "0.00"
"1318595899", "10 Jul 2016 00:04:43", "", "", "1 Day", "0.00"
"1318903168", "10 Jul 2016 00:04:43", "", "", "1 Day", "0.00"
"1319596663", "10 Jul 2016 00:04:43", "", "", "1 Day", "0.00"
"1319966277", "10 Jul 2016 00:04:43", "", "", "1 Day", "0.00"
"1320523060", "10 Jul 2016 00:04:43", "", "", "1 Day", "0.00"
"1320840087", "10 Jul 2016 00:04:43", "", "", "1 Day", "0.00"
"1321353524", "10 Jul 2016 00:04:43", "", "", "1 Day", "0.00"
"1321688129", "10 Jul 2016 00:04:43", "", "", "1 Day", "0.00"
"1322280014", "10 Jul 2016 00:04:43", "", "", "1 Day", "0.00"
"1322311989", "10 Jul 2016 00:04:43", "", "", "1 Day", "0.00"
"1322385918", "10 Jul 2016 00:04:43", "", "", "1 Day", "0.00"
"1322919779", "10 Jul 2016 00:04:43", "", "", "1 Day", "0.00"
"1323017823", "10 Jul 2016 00:04:43", "", "", "1 Day", "0.00"
"1323220619", "10 Jul 2016 00:04:43", "", "", "1 Day", "0.00"
"1324481583", "10 Jul 2016 00:04:43", "", "", "1 Day", "0.00"
"1324484809", "10 Jul 2016 00:04:43", "", "", "1 Day", "0.00"
"1324684914", "10 Jul 2016 00:04:43", "", "", "1 Day", "0.00"
"1326496545", "10 Jul 2016 00:04:43", "", "", "1 Day", "0.00"
"1327454064", "10 Jul 2016 00:04:43", "", "", "1 Day", "0.00"
"1328633712", "10 Jul 2016 00:04:43", "", "", "1 Day", "0.00"
"1328843503", "10 Jul 2016 00:04:43", "", "", "1 Day", "0.00"
"1329555388", "10 Jul 2016 00:04:43", "", "", "1 Day", "0.00"
"1330425067", "10 Jul 2016 00:04:43", "", "", "1 Day", "0.00"
"1331463103", "10 Jul 2016 00:04:43", "", "", "1 Day", "0.00"
"1331563508", "10 Jul 2016 00:04:43", "", "", "1 Day", "0.00"
"1332839678", "10 Jul 2016 00:04:43", "", "", "1 Day", "0.00"
"1333458900", "10 Jul 2016 00:04:43", "", "", "1 Day", "0.00"
"1334164097", "10 Jul 2016 00:04:43", "", "", "1 Day", "0.00"
"1335990271", "10 Jul 2016 00:04:43", "", "", "1 Day", "0.00"
"1336052756", "10 Jul 2016 00:04:43", "", "", "1 Day", "0.00"
"1336621236", "10 Jul 2016 00:04:43", "", "", "1 Day", "0.00"
"1336990799", "10 Jul 2016 00:04:43", "", "", "1 Day", "0.00"
"1337328592", "10 Jul 2016 00:04:43", "", "", "1 Day", "0.00"
"1337353996", "10 Jul 2016 00:04:43", "", "", "1 Day", "0.00"
"1337941665", "10 Jul 2016 00:04:43", "", "", "1 Day", "0.00"
"1337969960", "10 Jul 2016 00:04:43", "", "", "1 Day", "0.00"
"1338132080", "10 Jul 2016 00:04:43", "", "", "1 Day", "0.00"
"1338462233", "10 Jul 2016 00:04:43", "", "", "1 Day", "0.00"
"1338587718", "10 Jul 2016 00:04:43", "", "", "1 Day", "0.00"
"1339002264", "10 Jul 2016 00:04:43", "", "", "1 Day", "0.00"
"1340508226", "10 Jul 2016 00:04:43", "", "", "1 Day", "0.00"
"1340716984", "10 Jul 2016 00:04:43", "", "", "1 Day", "0.00"
"1340969626", "10 Jul 2016 00:04:43", "", "", "1 Day", "0.00"
"1341070238", "10 Jul 2016 00:04:43", "", "", "1 Day", "0.00"
"1341203971", "10 Jul 2016 00:04:43", "", "", "1 Day", "0.00"
"1341885455", "10 Jul 2016 00:04:43", "", "", "1 Day", "0.00"
"1342108545", "10 Jul 2016 00:04:43", "", "", "1 Day", "0.00"
"1342537563", "10 Jul 2016 00:04:43", "", "", "1 Day", "0.00"
"1342539907", "10 Jul 2016 00:04:43", "", "", "1 Day", "0.00"
"1342749574", "10 Jul 2016 00:04:43", "", "", "1 Day", "0.00"
"1342793130", "10 Jul 2016 00:04:43", "", "", "1 Day", "0.00"
"1343604841", "10 Jul 2016 00:04:43", "", "", "1 Day", "0.00"
"1343959581", "10 Jul 2016 00:04:43", "", "", "1 Day", "0.00"
"1344262748", "10 Jul 2016 00:04:43", "", "", "1 Day", "0.00"
"1345084436", "10 Jul 2016 00:04:43", "", "", "1 Day", "0.00"
"1346565944", "10 Jul 2016 00:04:43", "", "", "1 Day", "0.00"
"1347470701", "10 Jul 2016 00:04:43", "", "", "1 Day", "0.00"
"1348437347", "10 Jul 2016 00:04:43", "", "", "1 Day", "0.00"
"1349533839", "10 Jul 2016 00:04:43", "", "", "1 Day", "0.00"
"1349856660", "10 Jul 2016 00:04:43", "", "", "1 Day", "0.00"
"1350171080", "10 Jul 2016 00:04:43", "", "", "1 Day", "0.00"
"1350266034", "10 Jul 2016 00:04:43", "", "", "1 Day", "0.00"
"1350338130", "10 Jul 2016 00:04:43", "", "", "1 Day", "0.00"
"1350432852", "10 Jul 2016 00:04:43", "", "", "1 Day", "0.00"
"1350584371", "10 Jul 2016 00:04:43", "", "", "1 Day", "0.00"
"1351308605", "10 Jul 2016 00:04:43", "", "", "1 Day", "0.00"
"1351419447", "10 Jul 2016 00:04:43", "", "", "1 Day", "0.00"
"1352503147", "10 Jul 2016 00:04:43", "", "", "1 Day", "0.00"
"1352892463", "10 Jul 2016 00:04:43", "", "", "1 Day", "0.00"
"1352896000", "10 Jul 2016 00:04:43", "", "", "1 Day", "0.00"
"1353153153", "10 Jul 2016 00:04:43", "", "", "1 Day", "0.00"
"1353666573", "10 Jul 2016 00:04:43", "", "", "1 Day", "0.00"
"1354145120", "10 Jul 2016 00:04:43", "", "", "1 Day", "0.00"
"1355250637", "10 Jul 2016 00:04:43", "", "", "1 Day", "0.00"
"1355364941", "10 Jul 2016 00:04:43", "", "", "1 Day", "0.00"
"1355413408", "10 Jul 2016 00:04:43", "", "", "1 Day", "0.00"
"1355527911", "10 Jul 2016 00:04:43", "", "", "1 Day", "0.00"
"1355822247", "10 Jul 2016 00:04:43", "", "", "1 Day", "0.00"
"1355902805", "10 Jul 2016 00:04:43", "", "", "1 Day", "0.00"
"1356018973", "10 Jul 2016 00:04:43", "", "", "1 Day", "0.00"
"1356505091", "10 Jul 2016 00:04:43", "", "", "1 Day", "0.00"
"1357054048", "10 Jul 2016 00:04:43", "", "", "1 Day", "0.00"
"1357378203", "10 Jul 2016 00:04:43", "", "", "1 Day", "0.00"
"1358744747", "10 Jul 2016 00:04:43", "", "", "1 Day", "0.00"
"1358865780", "10 Jul 2016 00:04:43", "", "", "1 Day", "0.00"
"1359192354", "10 Jul 2016 00:04:43", "", "", "1 Day", "0.00"
"1359283310", "10 Jul 2016 00:04:43", "", "", "1 Day", "0.00"
"1359300511", "10 Jul 2016 00:04:43", "", "", "1 Day", "0.00"
"1359522036", "10 Jul 2016 00:04:43", "", "", "1 Day", "0.00"
"1359724514", "10 Jul 2016 00:04:43", "", "", "1 Day", "0.00"
"1359728935", "10 Jul 2016 00:04:43", "", "", "1 Day", "0.00"
"1360236302", "10 Jul 2016 00:04:43", "", "", "1 Day", "0.00"
"1361226709", "10 Jul 2016 00:04:43", "", "", "1 Day", "0.00"
"1361373348", "10 Jul 2016 00:04:43", "", "", "1 Day", "0.00"
"1362839987", "10 Jul 2016 00:04:43", "", "", "1 Day", "0.00"
"1362919962", "10 Jul 2016 00:04:43", "", "", "1 Day", "0.00"
"1363024412", "10 Jul 2016 00:04:43", "", "", "1 Day", "0.00"
"1363770762", "10 Jul 2016 00:04:43", "", "", "1 Day", "0.00"
"1364580251", "10 Jul 2016 00:04:43", "", "", "1 Day", "0.00"
"1364875502", "10 Jul 2016 00:04:43", "", "", "1 Day", "0.00"
"1365167641", "10 Jul 2016 00:04:43", "", "", "1 Day", "0.00"
"1365185455", "10 Jul 2016 00:04:43", "", "", "1 Day", "0.00"
"1365576971", "10 Jul 2016 00:04:43", "", "", "1 Day", "0.00"
"1366703350", "10 Jul 2016 00:04:43", "", "", "1 Day", "0.00"
"1367741508", "10 Jul 2016 00:04:43", "", "", "1 Day", "0.00"
"1368170076", "10 Jul 2016 00:04:43", "", "", "1 Day", "0.00"
"1369069998", "10 Jul 2016 00:04:43", "", "", "1 Day", "0.00"
"1369221696", "10 Jul 2016 00:04:43", "", "", "1 Day", "0.00"
"1370784866", "10 Jul 2016 00:04:43", "", "", "1 Day", "0.00"
"1371038487", "10 Jul 2016 00:04:43", "", "", "1 Day", "0.00"
"1371380588", "10 Jul 2016 00:04:43", "", "", "1 Day", "0.00"
"1372210414", "10 Jul 2016 00:04:43", "", "", "1 Day", "0.00"
"1373571886", "10 Jul 2016 00:04:43", "", "", "1 Day", "0.00"
"1374490142", "10 Jul 2016 00:04:43", "", "", "1 Day", "0.00"
"1375254362", "10 Jul 2016 00:04:43", "", "", "1 Day", "0.00"
"1375763699", "10 Jul 2016 00:04:43", "", "", "1 Day", "0.00"
"1375860759", "10 Jul 2016 00:04:43", "", "", "1 Day", "0.00"
"1377428795", "10 Jul 2016 00:04:43", "", "", "1 Day", "0.00"
"1377564305", "10 Jul 2016 00:04:43", "", "", "1 Day", "0.00"
"1378485938", "10 Jul 2016 00:04:43", "", "", "1 Day", "0.00"
"1378493299", "10 Jul 2016 00:04:43", "", "", "1 Day", "0.00"
"1378688568", "10 Jul 2016 00:04:43", "", "", "1 Day", "0.00"
"1378891823", "10 Jul 2016 00:04:43", "", "", "1 Day", "0.00"
"1379144460", "10 Jul 2016 00:04:43", "", "", "1 Day", "0.00"
"1379293791", "10 Jul 2016 00:04:43", "", "", "1 Day", "0.00"
"1379714698", "10 Jul 2016 00:04:43", "", "", "1 Day", "0.00"
"1380141789", "10 Jul 2016 00:04:43", "", "", "1 Day", "0.00"
"1381359596", "10 Jul 2016 00:04:43", "", "", "1 Day", "0.00"
"1381864713", "10 Jul 2016 00:04:43", "", "", "1 Day", "0.00"
"1382079810", "10 Jul 2016 00:04:43", "", "", "1 Day", "0.00"
"1382251956", "10 Jul 2016 00:04:43", "", "", "1 Day", "0.00"
"1382687941", "10 Jul 2016 00:04:43", "", "", "1 Day", "0.00"
"1382912787", "10 Jul 2016 00:04:43", "", "", "1 Day", "0.00"
"1383401031", "10 Jul 2016 00:04:43", "", "", "1 Day", "0.00"
"1383711999", "10 Jul 2016 00:04:43", "", "", "1 Day", "0.00"
"1383839776", "10 Jul 2016 00:04:43", "", "", "1 Day", "0.00"
"1384133362", "10 Jul 2016 00:04:43", "", "", "1 Day", "0.00"
"1384508394", "10 Jul 2016 00:04:43", "", "", "1 Day", "0.00"
"1384621514", "10 Jul 2016 00:04:43", "", "", "1 Day", "0.00"
"1385529143", "10 Jul 2016 00:04:43", "", "", "1 Day", "0.00"
"1385703725", "10 Jul 2016 00:04:43", "", "", "1 Day", "0.00"
"1387053770", "10 Jul 2016 00:04:43", "", "", "1 Day", "0.00"
"1387248540", "10 Jul 2016 00:04:43", "", "", "1 Day", "0.00"
"1387319634", "10 Jul 2016 00:04:43", "", "", "1 Day", "0.00"
"1387479250", "10 Jul 2016 00:04:43", "", "", "1 Day", "0.00"
"1387686799", "10 Jul 2016 00:04:43", "", "", "1 Day", "0.00"
"1388686950", "10 Jul 2016 00:04:43", "", "", "1 Day", "0.00"
"1389073783", "10 Jul 2016 00:04:43", "", "", "1 Day", "0.00"
"1389364961", "10 Jul 2016 00:04:43", "", "", "1 Day", "0.00"
"1389419104", "10 Jul 2016 00:04:43", "", "", "1 Day", "0.00"
"1391465362", "10 Jul 2016 00:04:43", "", "", "1 Day", "0.00"
"1392142402", "10 Jul 2016 00:04:43", "", "", "1 Day", "0.00"
"1392205124", "10 Jul 2016 00:04:43", "", "", "1 Day", "0.00"
"1392227768", "10 Jul 2016 00:04:43", "", "", "1 Day", "0.00"
"1392688420", "10 Jul 2016 00:04:43", "", "", "1 Day", "0.00"
"1393162930", "10 Jul 2016 00:04:43", "", "", "1 Day", "0.00"
"1395632795", "10 Jul 2016 00:04:43", "", "", "1 Day", "0.00"
"1395831817", "10 Jul 2016 00:04:43", "", "", "1 Day", "0.00"
"1396286501", "10 Jul 2016 00:04:43", "", "", "1 Day", "0.00"
"1396350567", "10 Jul 2016 00:04:43", "", "", "1 Day", "0.00"
"1396564276", "10 Jul 2016 00:04:43", "", "", "1 Day", "0.00"
"1396610090", "10 Jul 2016 00:04:43", "", "", "1 Day", "0.00"
"1396718460", "10 Jul 2016 00:04:43", "", "", "1 Day", "0.00"
"1397578034", "10 Jul 2016 00:04:43", "", "", "1 Day", "0.00"
"1398491226", "10 Jul 2016 00:04:43", "", "", "1 Day", "0.00"
"1398816160", "10 Jul 2016 00:04:43", "", "", "1 Day", "0.00"
"1398947712", "10 Jul 2016 00:04:43", "", "", "1 Day", "0.00"
"1399583653", "10 Jul 2016 00:04:43", "", "", "1 Day", "0.00"
"1400700030", "10 Jul 2016 00:04:43", "", "", "1 Day", "0.00"
"1401048313", "10 Jul 2016 00:04:43", "", "", "1 Day", "0.00"
"1401845165", "10 Jul 2016 00:04:43", "", "", "1 Day", "0.00"
"1403041725", "10 Jul 2016 00:04:43", "", "", "1 Day", "0.00"
"1403364653", "10 Jul 2016 00:04:43", "", "", "1 Day", "0.00"
"1405058546", "10 Jul 2016 00:04:43", "", "", "1 Day", "0.00"
"1405386393", "10 Jul 2016 00:04:43", "", "", "1 Day", "0.00"
"1407289385", "10 Jul 2016 00:04:43", "", "", "1 Day", "0.00"
"1407811170", "10 Jul 2016 00:04:43", "", "", "1 Day", "0.00"
"1407978703", "10 Jul 2016 00:04:43", "", "", "1 Day", "0.00"
"1408044531", "10 Jul 2016 00:04:43", "", "", "1 Day", "0.00"
"1408047183", "10 Jul 2016 00:04:43", "", "", "1 Day", "0.00"
"1408799457", "10 Jul 2016 00:04:43", "", "", "1 Day", "0.00"
"1409467710", "10 Jul 2016 00:04:43", "", "", "1 Day", "0.00"
